lambda,test_accuracy,test_brier,test_logprob
2.0,0.9340000004768372,0.011807618712385495,-0.3159236674308777
1.0,0.9565000004768373,0.0073998569846153266,-0.2022229299147924
